sample	class
S19_448	hemato
S22_115	hemato
S16_445	hemato
S21_024	hemato
SGM_PAI_64	neuro_muscular
S22_194	hemato
S21_078	hemato
S23_292	hemato
SGM_OAV_27_F	neuro_muscular
S19_385	hemato
S21_115	hemato
S21_042	hemato
S253639	cardio
S11610359	cardio
S21_076	hemato
S18_038	hemato
S11610090	cardio
SGM_OAV_22_P	neuro_muscular
SGM_TRA_54	neuro_muscular
SGM_OAV_21_F	neuro_muscular
S21_171	hemato
S11605522	cardio
SGM_OAV_14_F	neuro_muscular
S23_235	hemato
S21_045	hemato
S20_056	hemato
S11124837	cardio
S23_018	hemato
S21_186	hemato
S23_116	hemato
SGM_TRA_38	neuro_muscular
SGM_PSD_020	neuro_muscular
S23_234	hemato
S22_272	hemato
S21_194	hemato
S23_267	hemato
S403158	cardio
S21_261	hemato
S21_185	hemato
S16_344	hemato
S417135	cardio
S16_345	hemato
S10162148	cardio
S19_467	hemato
S11603966	cardio
S11125146	cardio
S22_323	hemato
S18_323	hemato
S20_092	hemato
S11610360	cardio
SGM_CPH_2	neuro_muscular
SGM_PAI_63_P	neuro_muscular
S11631247	cardio
SGM_PSD_008	neuro_muscular
S17_112	hemato
S23_043	hemato
S20_423	hemato
S11618544	cardio
S19_462	hemato
SGM_PSD_045	neuro_muscular
S20_408	hemato
S11607245	cardio
S16_443	hemato
SGM_PSD_056	neuro_muscular
S18_078	hemato
SGM_OAV_10_P	neuro_muscular
S16_246	hemato
S11617207	cardio
S254132	cardio
SGM_PSD_005	neuro_muscular
S20_073	hemato
SGM_OAV_26_F	neuro_muscular
S23_042	hemato
S253810	cardio
S21_251	hemato
SGM_PSD_011	neuro_muscular
SGM_TEA_003	neuro_muscular
SGM_PSD_053	neuro_muscular
S18_324	hemato
S22_104	hemato
S16_252	hemato
S23_147	hemato
S253459	cardio
SGM_OAV_23_F	neuro_muscular
S11626077	cardio
S23_103	hemato
SGM_PAI_4_P	neuro_muscular
S11631246	cardio
S20_575	hemato
S21_097	hemato
S16_448	hemato
S17_219	hemato
SGM_TRA_43	neuro_muscular
S15_208	hemato
S22_324	hemato
S254169	cardio
S23_233	hemato
SGM_TRA_46	neuro_muscular
SGM_OAV_24_F	neuro_muscular
SGM_PSD_033	neuro_muscular
S20_433	hemato
S11603658	cardio
SGM_OAV_7_P	neuro_muscular
S17_113	hemato
S415534	cardio
S17_194	hemato
SGM_OAV_17_F	neuro_muscular
S23_148	hemato
S11600918	cardio
S19_504	hemato
S20_312	hemato
S20_093	hemato
S403674	cardio
STRA_19	neuro_muscular
S19_414	hemato
S17_265	hemato
S16_186	hemato
SGM_PAI_62_P	neuro_muscular
S20_415	hemato
S20_598	hemato
S417261	cardio
S21_114	hemato
S21_139	hemato
SGM_PSD_052	neuro_muscular
S17_197	hemato
S13_131	hemato
S21_260	hemato
SGM_PAI_56	neuro_muscular
S20_054	hemato
SGM_PSD_001	neuro_muscular
S11626078	cardio
S21_172	hemato
S253545	cardio
S21_187	hemato
SGM_PSD_058	neuro_muscular
SGM_OAV_13_P	neuro_muscular
SGM_OAV_20_F	neuro_muscular
SGM_OAV_31_P	neuro_muscular
S17_264	hemato
S20_044	hemato
SGM_TRA_90	neuro_muscular
SGM_TRA_37	neuro_muscular
SGM_TRA_32	neuro_muscular
SGM_PAI_67	neuro_muscular
SGM_PSD_018	neuro_muscular
S414479	cardio
S11617206	cardio
S18_077	hemato
S20_406	hemato
SGM_TRA_50	neuro_muscular
STRA_21	neuro_muscular
SGM_PSD_037	neuro_muscular
S21_170	hemato
S21_136	hemato
S416062	cardio
S21_116	hemato
S18_110	hemato
SGM_OAV_28_P	neuro_muscular
S22_105	hemato
S11124227	cardio
S21_178	hemato
S16_375	hemato
S19_368	hemato
S11604222	cardio
S17_114	hemato
S11610888	cardio
S11602684	cardio
SGM_PSD_007	neuro_muscular
S22_253	hemato
S17_220	hemato
S22_262	hemato
S21_263	hemato
S20_413	hemato
S19_500	hemato
S21_077	hemato
S11607246	cardio
S417724	cardio
S16_249	hemato
S11626079	cardio
S19_501	hemato
S21_180	hemato
S416343	cardio
S20_055	hemato
S16_253	hemato
S19_502	hemato
S16_447	hemato
S16_275	hemato
S22_325	hemato
SGM_PAI_69	neuro_muscular
SGM_TRA_44	neuro_muscular
S21_047	hemato
S21_190	hemato
S20_310	hemato
S23_118	hemato
SGM_PSD_051	neuro_muscular
S18_1032	hemato
S23_261	hemato
S17000524	cardio
S11600870	cardio
S11125125	cardio
S11607099	cardio
SGM_PAI_57	neuro_muscular
S18_076	hemato
S22_251	hemato
S13_108	hemato
S16_255	hemato
SGM_PSD_009	neuro_muscular
SGM_PAI_26_P	neuro_muscular
SGM_OAV_25_P	neuro_muscular
S20_074	hemato
S21_270	hemato
S20_576	hemato
S253654	cardio
S11124229	cardio
S16_244	hemato
S20_311	hemato
SGM_TEA_005	neuro_muscular
SGM_OAV_32_F	neuro_muscular
SGM_OAV_33_F	neuro_muscular
S416990	cardio
S22_070	hemato
S23_009	hemato
S254780	cardio
S20_043	hemato
S16_444	hemato
S19_459	hemato
S21_137	hemato
S11631233	cardio
S415905	cardio
S21_021	hemato
S17_217	hemato
SGM_PAI_72	neuro_muscular
SGM_CPH_1	neuro_muscular
SGM_PSD_027	neuro_muscular
S19_868	hemato
S22_271	hemato
S20_410	hemato
S16_232	hemato
SGM_PAI_70	neuro_muscular
SGM_PAI_73	neuro_muscular
S19_503	hemato
S23_101	hemato
S11124005	cardio
S11619389	cardio
S17_218	hemato
S13_112	hemato
SGM_PSD_046	neuro_muscular
S21_022	hemato
S22_249	hemato
S21_179	hemato
SGM_OAV_30_F	neuro_muscular
SGM_OAV_12_F	neuro_muscular
SGM_PSD_055	neuro_muscular
S21_181	hemato
S19_461	hemato
S23_044	hemato
S253326	cardio
SGM_TRA_69	neuro_muscular
S15_207	hemato
SGM_PSD_048	neuro_muscular
S21_046	hemato
S414099	cardio
S21_169	hemato
S19_006	hemato
S10160308	cardio
S19_460	hemato
S20_424	hemato
S11_449	hemato
S16_446	hemato
S11619382	cardio
S20_412	hemato
S19_446	hemato
S11631370	cardio
S18_322	hemato
S11609201	cardio
S22_326	hemato
S20_578	hemato
S22_261	hemato
S403675	cardio
SGM_OAV_18_F	neuro_muscular
S403205	cardio
SGM_TRA_42	neuro_muscular
S11631380	cardio
S19_444	hemato
SGM_PSD_035	neuro_muscular
S11614940	cardio
S20_329	hemato
S21_025	hemato
S20_088	hemato
S20_577	hemato
S21_095	hemato
S11614724	cardio
S11610713	cardio
SGM_PSD_044	neuro_muscular
S21_193	hemato
S414176	cardio
S11124815	cardio
S21_113	hemato
S254781	cardio
S20_414	hemato
S403662	cardio
S16_231	hemato
SGM_PSD_047	neuro_muscular
S21_195	hemato
SGM_PSD_015	neuro_muscular
S21_262	hemato
SGM_OAV_9_F	neuro_muscular
SGM_PSD_019	neuro_muscular
S19_506	hemato
S21_184	hemato
S18_239	hemato
SGM_PSD_060	neuro_muscular
S18_240	hemato
SGM_TRA_150	neuro_muscular
S15_778	hemato
S20_309	hemato
S13_109	hemato
S19_413	hemato
S18_014	hemato
SGM_PAI_68	neuro_muscular
SGM_TEA_004	neuro_muscular
S416220	cardio
SGM_OAV_8_F	neuro_muscular
S253629	cardio
S19_867	hemato
SGM_OAV_15_F	neuro_muscular
SGM_PSD_021	neuro_muscular
SGM_OAV_11_F	neuro_muscular
S13_110	hemato
S20_072	hemato
S16_245	hemato
S22_270	hemato
S22_254	hemato
SGM_PSD_028	neuro_muscular
S13_113	hemato
S19_546	hemato
S21_271	hemato
S254281	cardio
S19_437	hemato
S11619693	cardio
S19_507	hemato
S16_254	hemato
A346	cardio
A151	cardio
A294	cardio
A274	cardio
A143	cardio
A397	cardio
A62	cardio
A21	cardio
A376	cardio
A130	cardio
A26	cardio
A388	cardio
A400	cardio
A112	cardio
A241	cardio
A315	cardio
A245	cardio
A279	cardio
A333	cardio
A132	cardio
A133	cardio
A327	cardio
A197	cardio
A193	cardio
A229	cardio
A234	cardio
A392	cardio
A300	cardio
A251	cardio
A252	cardio
A60	cardio
A149	cardio
A37	cardio
A258	cardio
A383	cardio
A244	cardio
A167	cardio
A23	cardio
A59	cardio
A49	cardio
A296	cardio
A191	cardio
A17	cardio
A52	cardio
A282	cardio
A363	cardio
A50	cardio
A382	cardio
A43	cardio
A285	cardio
A237	cardio
A156	cardio
A321	cardio
A348	cardio
A401	cardio
A118	cardio
A109	cardio
A34	cardio
A235	cardio
A65	cardio
A295	cardio
A84	cardio
A144	cardio
A356	cardio
A83	cardio
A370	cardio
A131	cardio
A358	cardio
A211	cardio
A27	cardio
A307	cardio
A306	cardio
A268	cardio
A347	cardio
A301	cardio
A378	cardio
A6	cardio
A35	cardio
A73	cardio
A391	cardio
A283	cardio
A373	cardio
A317	cardio
A367	cardio
A137	cardio
A240	cardio
A398	cardio
A141	cardio
A361	cardio
A389	cardio
A360	cardio
A153	cardio
A135	cardio
A256	cardio
A228	cardio
A297	cardio
A70	cardio
A323	cardio
A395	cardio
A393	cardio
A61	cardio
A377	cardio
A249	cardio
A91	cardio
A9	cardio
A289	cardio
A215	cardio
A213	cardio
A292	cardio
A106	cardio
A99	cardio
A165	cardio
A273	cardio
A231	cardio
A182	cardio
A355	cardio
A53	cardio
A64	cardio
A351	cardio
A381	cardio
A385	cardio
A7	cardio
A180	cardio
A322	cardio
A179	cardio
A318	cardio
A362	cardio
A97	cardio
A145	cardio
A394	cardio
A337	cardio
A396	cardio
A331	cardio
A365	cardio
A66	cardio
A329	cardio
A14	cardio
A125	cardio
A255	cardio
A55	cardio
A269	cardio
A344	cardio
A147	cardio
A352	cardio
A262	cardio
A354	cardio
A340	cardio
A11	cardio
A40	cardio
A260	cardio
A310	cardio
A278	cardio
A316	cardio
A124	cardio
A189	cardio
A286	cardio
A280	cardio
A188	cardio
A233	cardio
A152	cardio
A270	cardio
A403	cardio
A41	cardio
A163	cardio
A157	cardio
A3	cardio
A117	cardio
A74	cardio
A30	cardio
A56	cardio
A384	cardio
A121	cardio
A19	cardio
A13	cardio
A264	cardio
A253	cardio
A338	cardio
A42	cardio
A276	cardio
A192	cardio
A187	cardio
A119	cardio
A271	cardio
A198	cardio
A33	cardio
A183	cardio
A275	cardio
A335	cardio
A406	cardio
A158	cardio
A186	cardio
A371	cardio
A104	cardio
A113	cardio
A142	cardio
A293	cardio
A78	cardio
A330	cardio
A46	cardio
A259	cardio
A380	cardio
A390	cardio
A101	cardio
A250	cardio
A288	cardio
A201	cardio
A54	cardio
A359	cardio
A161	cardio
A372	cardio
A232	cardio
A339	cardio
A290	cardio
A72	cardio
A166	cardio
A10	cardio
A404	cardio
A115	cardio
A266	cardio
A305	cardio
A299	cardio
A81	cardio
A246	cardio
A139	cardio
A146	cardio
A342	cardio
A303	cardio
A227	cardio
A387	cardio
A58	cardio
A100	cardio
A2	cardio
A155	cardio
A314	cardio
A298	cardio
A190	cardio
A407	cardio
A326	cardio
A86	cardio
A120	cardio
A242	cardio
A248	cardio
A16	cardio
A369	cardio
A343	cardio
A126	cardio
A349	cardio
A194	cardio
A341	cardio
A5	cardio
A169	cardio
A336	cardio
A134	cardio
A36	cardio
A332	cardio
A272	cardio
A88	cardio
A171	cardio
A375	cardio
A265	cardio
A20	cardio
A94	cardio
A176	cardio
A184	cardio
A32	cardio
A207	cardio
A196	cardio
A98	cardio
A257	cardio
A364	cardio
A205	cardio
A267	cardio
A95	cardio
A164	cardio
A368	cardio
A103	cardio
A18	cardio
A181	cardio
A263	cardio
A82	cardio
A44	cardio
A319	cardio
A127	cardio
A174	cardio
A239	cardio
A24	cardio
A128	cardio
A226	cardio
A223	cardio
A69	cardio
A178	cardio
A399	cardio
A281	cardio
A107	cardio
A116	cardio
A80	cardio
A277	cardio
A140	cardio
A71	cardio
A159	cardio
A22	cardio
A154	cardio
A177	cardio
A386	cardio
A405	cardio
A79	cardio
A284	cardio
A8	cardio
A108	cardio
A38	cardio
A350	cardio
A195	cardio
A123	cardio
A308	cardio
A221	cardio
A25	cardio
A168	cardio
A129	cardio
A175	cardio
A366	cardio
A111	cardio
A102	cardio
A217	cardio
A357	cardio
A206	cardio
A304	cardio
A114	cardio
A291	cardio
A236	cardio
A77	cardio
A162	cardio
A48	cardio
A96	cardio
A402	cardio
A287	cardio
A89	cardio
A302	cardio
A47	cardio
A261	cardio
A353	cardio
A51	cardio
A29	cardio
A12	cardio
A85	cardio
A68	cardio
A67	cardio
A374	cardio
A138	cardio
A15	cardio
A210	cardio
A379	cardio
A39	cardio
A63	cardio
A160	cardio
A150	cardio
A173	cardio
S15_790	hemato
S21_122	hemato
S17_041	hemato
S15_060	hemato
S17_031	hemato
S23_084	hemato
S15_205	hemato
S22_078	hemato
S22_123	hemato
S11_229	hemato
S22_033	hemato
S19_870	hemato
S18_1059	hemato
S17_078	hemato
S11_448	hemato
S15_592	hemato
S21_265	hemato
S20_113	hemato
S20_321	hemato
S20_008	hemato
S21_245	hemato
S17_107	hemato
S15_059	hemato
S21_126	hemato
S21_123	hemato
S19_439	hemato
S22_032	hemato
S15_819	hemato
S19_088	hemato
S16_417	hemato
S16_300	hemato
S19_759	hemato
S09_177	hemato
S22_075	hemato
S09_483	hemato
S19_532	hemato
S21_096	hemato
S19_033	hemato
S18_086	hemato
S21_082	hemato
S20_317	hemato
S15_061	hemato
S20_012	hemato
S18_1061	hemato
S22_354	hemato
S18_221	hemato
S11_575	hemato
S11_015	hemato
S15_063	hemato
S17_074	hemato
S16_377	hemato
S18_1000	hemato
S17_076	hemato
S13_16511	hemato
S10_025	hemato
S18_335	hemato
S22_219	hemato
S19_423	hemato
S19_534	hemato
S20_444	hemato
S19_533	hemato
S18_075	hemato
S23_097	hemato
S18_009	hemato
S16_376	hemato
S11_245	hemato
S22_073	hemato
S22_035	hemato
S22_030	hemato
S20_567	hemato
S20_319	hemato
S22_031	hemato
S14_081	hemato
S17_094	hemato
S19_089	hemato
S20_318	hemato
S15_589	hemato
S16_418	hemato
S22_351	hemato
S20_622	hemato
S17_095	hemato
S23_008	hemato
S19_424	hemato
S22_077	hemato
S21_197	hemato
S09_176	hemato
S19_144	hemato
S20_432	hemato
S19_553	hemato
S23_046	hemato
S14_082	hemato
S11_214	hemato
S18_073	hemato
S17_105	hemato
S17_353	hemato
S11_548	hemato
S15_595	hemato
S15_814	hemato
S20_009	hemato
S18_973	hemato
S21_273	hemato
S19_449	hemato
S19_873	hemato
S14_156	hemato
S16_299	hemato
S17_286	hemato
S20_011	hemato
S17_110	hemato
S11_244	hemato
S17_290	hemato
S16_029	hemato
S17_195	hemato
S20_418	hemato
S19_025	hemato
S17_077	hemato
S20_010	hemato
S18_008	hemato
S21_124	hemato
S22_220	hemato
S21_121	hemato
S11_584	hemato
S16_416	hemato
S17_106	hemato
S21_199	hemato
S20_114	hemato
S17_352	hemato
S21_044	hemato
S16_374	hemato
S19_024	hemato
S18_085	hemato
S21_264	hemato
S11_156	hemato
S09_50	hemato
S16_414	hemato
S11_290	hemato
S19_760	hemato
S22_231	hemato
S19_192	hemato
S18_384	hemato
S20_297	hemato
S22_076	hemato
S19_531	hemato
S17_263	hemato
S19_551	hemato
S23_066	hemato
S19_125	hemato
S15_794	hemato
S21_125	hemato
S12_775	hemato
S22_038	hemato
S12_522	hemato
S13_111	hemato
S22_319	hemato
S15_186	hemato
S11_178	hemato
S09_049	hemato
S09_178	hemato
S18_074	hemato
S17_040	hemato
S11_447	hemato
S20_568	hemato
S18_312	hemato
S20_013	hemato
S22_122	hemato
S19_776	hemato
S20_091	hemato
S19_469	hemato
S19_761	hemato
S18_1060	hemato
S23_098	hemato
S15_793	hemato
S18_385	hemato
S19_447	hemato
S22_207	hemato
S22_074	hemato
S17_075	hemato
S16_230	hemato
S20_014	hemato
S17_104	hemato
S12_741	hemato
S16_415	hemato
S15_062	hemato
S20_062	hemato
S22_056	hemato
S20_104	hemato
S11_262	hemato
A136	cardio
A203	cardio
A185	cardio
A148	cardio
